,ds,y
0,2021-11-16 11:00:00,0.9908992248062015
1,2021-11-16 12:00:00,0.9731136363636363
2,2021-11-16 13:00:00,0.9605999999999999
3,2021-11-16 14:00:00,0.9089147727272727
4,2021-11-16 15:00:00,0.6314488636363637
5,2021-11-16 16:00:00,0.20728
6,2021-11-17 08:00:00,0.16393181818181818
7,2021-11-17 09:00:00,0.13533714285714285
8,2021-11-17 10:00:00,0.38871022727272725
9,2021-11-17 11:00:00,0.6169090909090909
10,2021-11-17 12:00:00,0.5679886363636364
11,2021-11-17 13:00:00,0.5929828571428571
12,2021-11-17 14:00:00,0.4322670454545454
13,2021-11-17 15:00:00,0.2467142857142857
14,2021-11-17 16:00:00,0.13596022727272727
15,2021-11-18 08:00:00,0.9481534090909091
16,2021-11-18 09:00:00,0.9199829545454545
17,2021-11-18 10:00:00,0.8641420454545454
18,2021-11-18 11:00:00,0.8304147727272727
19,2021-11-18 12:00:00,0.9279772727272728
20,2021-11-18 13:00:00,0.9486477272727272
21,2021-11-18 14:00:00,0.8538693181818182
22,2021-11-18 15:00:00,0.6602727272727272
23,2021-11-18 16:00:00,0.9500909090909091
24,2021-11-19 08:00:00,0.8466363636363637
25,2021-11-19 09:00:00,0.53748
26,2021-11-19 10:00:00,0.4539261363636364
27,2021-11-19 11:00:00,0.6947045454545454
28,2021-11-19 12:00:00,0.7598920454545456
29,2021-11-19 13:00:00,0.6917386363636363
30,2021-11-19 14:00:00,0.4712840909090909
31,2021-11-19 15:00:00,0.2534715909090909
32,2021-11-19 16:00:00,0.05237714285714286
33,2021-11-20 08:00:00,0.04893678160919541
34,2021-11-20 09:00:00,0.21704022988505747
35,2021-11-20 10:00:00,0.49314367816091953
36,2021-11-20 11:00:00,0.7337657142857142
37,2021-11-20 12:00:00,0.7527126436781609
38,2021-11-20 13:00:00,0.7591781609195403
39,2021-11-20 14:00:00,0.4624022988505747
40,2021-11-20 15:00:00,0.38832
41,2021-11-20 16:00:00,0.1903735632183908
42,2021-11-21 08:00:00,0.7298218390804598
43,2021-11-21 09:00:00,0.585816091954023
44,2021-11-21 10:00:00,0.34955172413793106
45,2021-11-21 11:00:00,0.3712742857142857
46,2021-11-21 12:00:00,0.5046379310344827
47,2021-11-21 13:00:00,0.5739137931034483
48,2021-11-21 14:00:00,0.34727586206896555
49,2021-11-21 15:00:00,0.317367816091954
50,2021-11-21 16:00:00,0.21605714285714286
51,2021-11-22 08:00:00,0.19583815028901735
52,2021-11-22 09:00:00,0.26859770114942527
53,2021-11-22 10:00:00,0.6721206896551724
54,2021-11-22 11:00:00,0.746942196531792
55,2021-11-22 12:00:00,0.3828965517241379
56,2021-11-22 13:00:00,0.4521724137931034
57,2021-11-22 14:00:00,0.486051724137931
58,2021-11-22 15:00:00,0.5009657142857142
59,2021-11-22 16:00:00,0.7640862068965517
60,2021-11-23 08:00:00,0.9472
61,2021-11-23 09:00:00,0.9600500000000001
62,2021-11-23 10:00:00,0.9799666666666667
63,2021-11-23 11:00:00,0.9931333333333333
64,2021-11-23 12:00:00,0.92565
65,2021-11-23 13:00:00,0.9374666666666667
66,2021-11-23 14:00:00,0.94955
67,2021-11-23 15:00:00,0.9504
68,2021-11-23 16:00:00,0.9487333333333333
69,2021-11-24 08:00:00,0.9418000000000001
70,2021-11-24 09:00:00,0.94985
71,2021-11-24 10:00:00,0.9742833333333334
72,2021-11-24 11:00:00,0.9709166666666668
73,2021-11-24 12:00:00,0.9749
74,2021-11-24 13:00:00,0.6436666666666666
75,2021-11-24 14:00:00,0.25615
76,2021-11-24 15:00:00,0.15241666666666667
77,2021-11-24 16:00:00,0.12843333333333334
78,2021-11-25 08:00:00,0.07486666666666666
79,2021-11-25 09:00:00,0.19184745762711863
80,2021-11-25 10:00:00,0.7532666666666666
81,2021-11-25 11:00:00,0.8273499999999999
82,2021-11-25 12:00:00,0.4058333333333334
83,2021-11-25 13:00:00,0.3674166666666666
84,2021-11-25 14:00:00,0.2576
85,2021-11-25 15:00:00,0.21686666666666668
86,2021-11-25 16:00:00,0.22763333333333333
87,2021-11-26 08:00:00,0.13528333333333334
88,2021-11-26 09:00:00,0.21175
89,2021-11-26 10:00:00,0.7229166666666667
90,2021-11-26 11:00:00,0.8764666666666667
91,2021-11-26 12:00:00,0.9397166666666668
92,2021-11-26 13:00:00,0.94575
93,2021-11-26 14:00:00,0.9410666666666666
94,2021-11-26 15:00:00,0.6153333333333334
95,2021-11-26 16:00:00,0.23601666666666665
96,2021-11-27 08:00:00,0.11098333333333334
97,2021-11-27 09:00:00,0.10684999999999999
98,2021-11-27 10:00:00,0.30343333333333333
99,2021-11-27 11:00:00,0.2874333333333333
100,2021-11-27 12:00:00,0.33311666666666667
101,2021-11-27 13:00:00,0.3749166666666667
102,2021-11-27 14:00:00,0.4373666666666667
103,2021-11-27 15:00:00,0.37185
104,2021-11-27 16:00:00,0.26595833333333335
105,2021-11-28 08:00:00,0.042666666666666665
106,2021-11-28 09:00:00,0.035449999999999995
107,2021-11-28 10:00:00,0.11133333333333333
108,2021-11-28 11:00:00,0.18378333333333333
109,2021-11-28 12:00:00,0.17228333333333332
110,2021-11-28 13:00:00,0.18498333333333333
111,2021-11-28 14:00:00,0.09586666666666667
112,2021-11-28 15:00:00,0.040383333333333334
113,2021-11-28 16:00:00,0.026033333333333335
114,2021-11-29 08:00:00,0.9060833333333334
115,2021-11-29 09:00:00,0.9830666666666666
116,2021-11-29 10:00:00,0.6410166666666667
117,2021-11-29 11:00:00,0.48506666666666665
118,2021-11-29 12:00:00,0.6312333333333334
119,2021-11-29 13:00:00,0.6594166666666667
120,2021-11-29 14:00:00,0.5564333333333333
121,2021-11-29 15:00:00,0.8034166666666667
122,2021-11-29 16:00:00,0.9485499999999999
123,2021-11-30 08:00:00,0.99355
124,2021-11-30 09:00:00,0.9946333333333333
125,2021-11-30 10:00:00,0.9990333333333333
126,2021-11-30 11:00:00,0.999
127,2021-11-30 12:00:00,0.9973500000000001
128,2021-11-30 13:00:00,0.9990833333333333
129,2021-11-30 14:00:00,0.98025
130,2021-11-30 15:00:00,0.9855333333333333
131,2021-11-30 16:00:00,0.9563
132,2021-12-01 08:00:00,0.9852166666666666
133,2021-12-01 09:00:00,0.9929333333333333
134,2021-12-01 10:00:00,0.9991
135,2021-12-01 11:00:00,0.999
136,2021-12-01 12:00:00,0.9987499999999999
137,2021-12-01 13:00:00,0.9995833333333334
138,2021-12-01 14:00:00,0.9974833333333333
139,2021-12-01 15:00:00,0.9949166666666667
140,2021-12-01 16:00:00,0.9853666666666666
141,2021-12-02 08:00:00,0.9872333333333334
142,2021-12-02 09:00:00,0.9787333333333332
143,2021-12-02 10:00:00,0.9992666666666667
144,2021-12-02 11:00:00,0.9995166666666666
145,2021-12-02 12:00:00,0.9222166666666667
146,2021-12-02 13:00:00,0.8251333333333334
147,2021-12-02 14:00:00,0.5322
148,2021-12-02 15:00:00,0.4251166666666667
149,2021-12-02 16:00:00,0.8607166666666667
150,2021-12-03 08:00:00,0.6441333333333333
151,2021-12-03 09:00:00,0.5900833333333334
152,2021-12-03 10:00:00,0.45185000000000003
153,2021-12-03 11:00:00,0.5875166666666666
154,2021-12-03 12:00:00,0.5952833333333333
155,2021-12-03 13:00:00,0.48873333333333335
156,2021-12-03 14:00:00,0.3575666666666667
157,2021-12-03 15:00:00,0.39863333333333334
158,2021-12-03 16:00:00,0.3684
159,2021-12-04 08:00:00,0.06963333333333334
160,2021-12-04 09:00:00,0.08138333333333334
161,2021-12-04 10:00:00,0.19938333333333336
162,2021-12-04 11:00:00,0.24226666666666666
163,2021-12-04 12:00:00,0.2716833333333334
164,2021-12-04 13:00:00,0.28545
165,2021-12-04 14:00:00,0.2378333333333333
166,2021-12-04 15:00:00,0.17361666666666667
167,2021-12-04 16:00:00,0.09003333333333334
168,2021-12-05 08:00:00,0.9452857142857143
169,2021-12-07 08:00:00,0.0240625
170,2021-12-07 09:00:00,0.021866666666666666
171,2021-12-07 10:00:00,0.05681666666666666
172,2021-12-07 11:00:00,0.11603333333333334
173,2021-12-07 12:00:00,0.1546
174,2021-12-07 13:00:00,0.2095
175,2021-12-07 14:00:00,0.18238333333333331
176,2021-12-07 15:00:00,0.1259
177,2021-12-07 16:00:00,0.06288333333333333
178,2021-12-08 08:00:00,0.06888333333333334
179,2021-12-08 09:00:00,0.03491666666666667
180,2021-12-08 10:00:00,0.0325
181,2021-12-08 11:00:00,0.03195
182,2021-12-08 12:00:00,0.06448979591836734
183,2021-12-08 13:00:00,0.07746428571428572
184,2021-12-08 14:00:00,0.07891379310344827
185,2021-12-08 15:00:00,0.07731666666666667
186,2021-12-08 16:00:00,0.07871666666666667
187,2021-12-09 08:00:00,0.19379787234042553
188,2021-12-09 09:00:00,0.08281666666666668
189,2021-12-09 10:00:00,0.10477966101694916
190,2021-12-09 11:00:00,0.09426923076923077
191,2021-12-09 12:00:00,0.11337931034482758
192,2021-12-09 13:00:00,0.14872881355932205
193,2021-12-09 14:00:00,0.15493220338983052
194,2021-12-09 15:00:00,0.17536666666666667
195,2021-12-09 16:00:00,0.35863333333333336
196,2021-12-10 08:00:00,0.0774
197,2021-12-10 09:00:00,0.032683333333333335
198,2021-12-10 10:00:00,0.04003333333333334
199,2021-12-10 11:00:00,0.13259322033898305
200,2021-12-10 12:00:00,0.6383191489361703
201,2021-12-10 13:00:00,0.7123396226415094
202,2021-12-10 14:00:00,0.5154406779661017
203,2021-12-10 15:00:00,0.5887413793103448
204,2021-12-10 16:00:00,0.29485
205,2021-12-11 08:00:00,0.8630666666666666
206,2021-12-11 09:00:00,0.6703333333333333
207,2021-12-11 10:00:00,0.8866333333333334
208,2021-12-11 11:00:00,0.505051724137931
209,2021-12-11 12:00:00,0.46798214285714285
210,2021-12-11 13:00:00,0.4070169491525424
211,2021-12-11 14:00:00,0.24703448275862067
212,2021-12-11 15:00:00,0.22431666666666666
213,2021-12-11 16:00:00,0.5643833333333333
214,2021-12-12 08:00:00,0.84755
215,2021-12-12 09:00:00,0.65935
216,2021-12-12 10:00:00,0.8619833333333333
217,2021-12-12 11:00:00,0.6523448275862068
218,2021-12-12 12:00:00,0.6149137931034483
219,2021-12-12 13:00:00,0.5505172413793104
220,2021-12-12 14:00:00,0.53245
221,2021-12-12 15:00:00,0.5735666666666667
222,2021-12-12 16:00:00,0.7429833333333333
223,2021-12-13 08:00:00,0.9608333333333333
224,2021-12-13 09:00:00,0.9164
225,2021-12-13 10:00:00,0.7853461538461539
226,2021-12-13 11:00:00,0.45586440677966106
227,2021-12-13 12:00:00,0.4209107142857143
228,2021-12-13 13:00:00,0.36519298245614035
229,2021-12-13 14:00:00,0.2038103448275862
230,2021-12-13 15:00:00,0.12125423728813559
231,2021-12-13 16:00:00,0.12321666666666667
232,2021-12-14 08:00:00,0.14206666666666665
233,2021-12-14 09:00:00,0.06161666666666667
234,2021-12-14 10:00:00,0.09330357142857142
235,2021-12-14 11:00:00,0.059816666666666664
236,2021-12-14 12:00:00,0.07773333333333333
237,2021-12-14 13:00:00,0.53428
238,2021-12-14 14:00:00,0.4943090909090909
239,2021-12-14 15:00:00,0.5698392857142858
240,2021-12-14 16:00:00,0.38693333333333335
241,2021-12-15 08:00:00,0.08745
242,2021-12-15 09:00:00,0.03166666666666666
243,2021-12-15 10:00:00,0.054714285714285715
244,2021-12-15 11:00:00,0.06425
245,2021-12-15 12:00:00,0.07320338983050848
246,2021-12-15 13:00:00,0.05617241379310345
247,2021-12-15 14:00:00,0.08728571428571429
248,2021-12-15 15:00:00,0.07079661016949151
249,2021-12-15 16:00:00,0.23898305084745763
250,2021-12-16 09:00:00,0.16186
251,2021-12-16 10:00:00,0.4802
252,2021-12-16 11:00:00,0.15511666666666668
253,2021-12-16 12:00:00,0.16131666666666666
254,2021-12-16 13:00:00,0.17465
255,2021-12-16 14:00:00,0.14533333333333331
256,2021-11-16 00:00:00,0.0
257,2021-11-16 01:00:00,0.0
258,2021-11-16 02:00:00,0.0
259,2021-11-16 03:00:00,0.0
260,2021-11-16 04:00:00,0.0
261,2021-11-16 05:00:00,0.0
262,2021-11-16 06:00:00,0.0
263,2021-11-16 07:00:00,0.0
264,2021-11-16 08:00:00,0.0
265,2021-11-16 09:00:00,0.0
266,2021-11-16 10:00:00,0.0
267,2021-11-16 17:00:00,0.0
268,2021-11-16 18:00:00,0.0
269,2021-11-16 19:00:00,0.0
270,2021-11-16 20:00:00,0.0
271,2021-11-16 21:00:00,0.0
272,2021-11-16 22:00:00,0.0
273,2021-11-16 23:00:00,0.0
274,2021-11-17 00:00:00,0.0
275,2021-11-17 01:00:00,0.0
276,2021-11-17 02:00:00,0.0
277,2021-11-17 03:00:00,0.0
278,2021-11-17 04:00:00,0.0
279,2021-11-17 05:00:00,0.0
280,2021-11-17 06:00:00,0.0
281,2021-11-17 07:00:00,0.0
282,2021-11-17 17:00:00,0.0
283,2021-11-17 18:00:00,0.0
284,2021-11-17 19:00:00,0.0
285,2021-11-17 20:00:00,0.0
286,2021-11-17 21:00:00,0.0
287,2021-11-17 22:00:00,0.0
288,2021-11-17 23:00:00,0.0
289,2021-11-18 00:00:00,0.0
290,2021-11-18 01:00:00,0.0
291,2021-11-18 02:00:00,0.0
292,2021-11-18 03:00:00,0.0
293,2021-11-18 04:00:00,0.0
294,2021-11-18 05:00:00,0.0
295,2021-11-18 06:00:00,0.0
296,2021-11-18 07:00:00,0.0
297,2021-11-18 17:00:00,0.0
298,2021-11-18 18:00:00,0.0
299,2021-11-18 19:00:00,0.0
300,2021-11-18 20:00:00,0.0
301,2021-11-18 21:00:00,0.0
302,2021-11-18 22:00:00,0.0
303,2021-11-18 23:00:00,0.0
304,2021-11-19 00:00:00,0.0
305,2021-11-19 01:00:00,0.0
306,2021-11-19 02:00:00,0.0
307,2021-11-19 03:00:00,0.0
308,2021-11-19 04:00:00,0.0
309,2021-11-19 05:00:00,0.0
310,2021-11-19 06:00:00,0.0
311,2021-11-19 07:00:00,0.0
312,2021-11-19 17:00:00,0.0
313,2021-11-19 18:00:00,0.0
314,2021-11-19 19:00:00,0.0
315,2021-11-19 20:00:00,0.0
316,2021-11-19 21:00:00,0.0
317,2021-11-19 22:00:00,0.0
318,2021-11-19 23:00:00,0.0
319,2021-11-20 00:00:00,0.0
320,2021-11-20 01:00:00,0.0
321,2021-11-20 02:00:00,0.0
322,2021-11-20 03:00:00,0.0
323,2021-11-20 04:00:00,0.0
324,2021-11-20 05:00:00,0.0
325,2021-11-20 06:00:00,0.0
326,2021-11-20 07:00:00,0.0
327,2021-11-20 17:00:00,0.0
328,2021-11-20 18:00:00,0.0
329,2021-11-20 19:00:00,0.0
330,2021-11-20 20:00:00,0.0
331,2021-11-20 21:00:00,0.0
332,2021-11-20 22:00:00,0.0
333,2021-11-20 23:00:00,0.0
334,2021-11-21 00:00:00,0.0
335,2021-11-21 01:00:00,0.0
336,2021-11-21 02:00:00,0.0
337,2021-11-21 03:00:00,0.0
338,2021-11-21 04:00:00,0.0
339,2021-11-21 05:00:00,0.0
340,2021-11-21 06:00:00,0.0
341,2021-11-21 07:00:00,0.0
342,2021-11-21 17:00:00,0.0
343,2021-11-21 18:00:00,0.0
344,2021-11-21 19:00:00,0.0
345,2021-11-21 20:00:00,0.0
346,2021-11-21 21:00:00,0.0
347,2021-11-21 22:00:00,0.0
348,2021-11-21 23:00:00,0.0
349,2021-11-22 00:00:00,0.0
350,2021-11-22 01:00:00,0.0
351,2021-11-22 02:00:00,0.0
352,2021-11-22 03:00:00,0.0
353,2021-11-22 04:00:00,0.0
354,2021-11-22 05:00:00,0.0
355,2021-11-22 06:00:00,0.0
356,2021-11-22 07:00:00,0.0
357,2021-11-22 17:00:00,0.0
358,2021-11-22 18:00:00,0.0
359,2021-11-22 19:00:00,0.0
360,2021-11-22 20:00:00,0.0
361,2021-11-22 21:00:00,0.0
362,2021-11-22 22:00:00,0.0
363,2021-11-22 23:00:00,0.0
364,2021-11-23 00:00:00,0.0
365,2021-11-23 01:00:00,0.0
366,2021-11-23 02:00:00,0.0
367,2021-11-23 03:00:00,0.0
368,2021-11-23 04:00:00,0.0
369,2021-11-23 05:00:00,0.0
370,2021-11-23 06:00:00,0.0
371,2021-11-23 07:00:00,0.0
372,2021-11-23 17:00:00,0.0
373,2021-11-23 18:00:00,0.0
374,2021-11-23 19:00:00,0.0
375,2021-11-23 20:00:00,0.0
376,2021-11-23 21:00:00,0.0
377,2021-11-23 22:00:00,0.0
378,2021-11-23 23:00:00,0.0
379,2021-11-24 00:00:00,0.0
380,2021-11-24 01:00:00,0.0
381,2021-11-24 02:00:00,0.0
382,2021-11-24 03:00:00,0.0
383,2021-11-24 04:00:00,0.0
384,2021-11-24 05:00:00,0.0
385,2021-11-24 06:00:00,0.0
386,2021-11-24 07:00:00,0.0
387,2021-11-24 17:00:00,0.0
388,2021-11-24 18:00:00,0.0
389,2021-11-24 19:00:00,0.0
390,2021-11-24 20:00:00,0.0
391,2021-11-24 21:00:00,0.0
392,2021-11-24 22:00:00,0.0
393,2021-11-24 23:00:00,0.0
394,2021-11-25 00:00:00,0.0
395,2021-11-25 01:00:00,0.0
396,2021-11-25 02:00:00,0.0
397,2021-11-25 03:00:00,0.0
398,2021-11-25 04:00:00,0.0
399,2021-11-25 05:00:00,0.0
400,2021-11-25 06:00:00,0.0
401,2021-11-25 07:00:00,0.0
402,2021-11-25 17:00:00,0.0
403,2021-11-25 18:00:00,0.0
404,2021-11-25 19:00:00,0.0
405,2021-11-25 20:00:00,0.0
406,2021-11-25 21:00:00,0.0
407,2021-11-25 22:00:00,0.0
408,2021-11-25 23:00:00,0.0
409,2021-11-26 00:00:00,0.0
410,2021-11-26 01:00:00,0.0
411,2021-11-26 02:00:00,0.0
412,2021-11-26 03:00:00,0.0
413,2021-11-26 04:00:00,0.0
414,2021-11-26 05:00:00,0.0
415,2021-11-26 06:00:00,0.0
416,2021-11-26 07:00:00,0.0
417,2021-11-26 17:00:00,0.0
418,2021-11-26 18:00:00,0.0
419,2021-11-26 19:00:00,0.0
420,2021-11-26 20:00:00,0.0
421,2021-11-26 21:00:00,0.0
422,2021-11-26 22:00:00,0.0
423,2021-11-26 23:00:00,0.0
424,2021-11-27 00:00:00,0.0
425,2021-11-27 01:00:00,0.0
426,2021-11-27 02:00:00,0.0
427,2021-11-27 03:00:00,0.0
428,2021-11-27 04:00:00,0.0
429,2021-11-27 05:00:00,0.0
430,2021-11-27 06:00:00,0.0
431,2021-11-27 07:00:00,0.0
432,2021-11-27 17:00:00,0.0
433,2021-11-27 18:00:00,0.0
434,2021-11-27 19:00:00,0.0
435,2021-11-27 20:00:00,0.0
436,2021-11-27 21:00:00,0.0
437,2021-11-27 22:00:00,0.0
438,2021-11-27 23:00:00,0.0
439,2021-11-28 00:00:00,0.0
440,2021-11-28 01:00:00,0.0
441,2021-11-28 02:00:00,0.0
442,2021-11-28 03:00:00,0.0
443,2021-11-28 04:00:00,0.0
444,2021-11-28 05:00:00,0.0
445,2021-11-28 06:00:00,0.0
446,2021-11-28 07:00:00,0.0
447,2021-11-28 17:00:00,0.0
448,2021-11-28 18:00:00,0.0
449,2021-11-28 19:00:00,0.0
450,2021-11-28 20:00:00,0.0
451,2021-11-28 21:00:00,0.0
452,2021-11-28 22:00:00,0.0
453,2021-11-28 23:00:00,0.0
454,2021-11-29 00:00:00,0.0
455,2021-11-29 01:00:00,0.0
456,2021-11-29 02:00:00,0.0
457,2021-11-29 03:00:00,0.0
458,2021-11-29 04:00:00,0.0
459,2021-11-29 05:00:00,0.0
460,2021-11-29 06:00:00,0.0
461,2021-11-29 07:00:00,0.0
462,2021-11-29 17:00:00,0.0
463,2021-11-29 18:00:00,0.0
464,2021-11-29 19:00:00,0.0
465,2021-11-29 20:00:00,0.0
466,2021-11-29 21:00:00,0.0
467,2021-11-29 22:00:00,0.0
468,2021-11-29 23:00:00,0.0
469,2021-11-30 00:00:00,0.0
470,2021-11-30 01:00:00,0.0
471,2021-11-30 02:00:00,0.0
472,2021-11-30 03:00:00,0.0
473,2021-11-30 04:00:00,0.0
474,2021-11-30 05:00:00,0.0
475,2021-11-30 06:00:00,0.0
476,2021-11-30 07:00:00,0.0
477,2021-11-30 17:00:00,0.0
478,2021-11-30 18:00:00,0.0
479,2021-11-30 19:00:00,0.0
480,2021-11-30 20:00:00,0.0
481,2021-11-30 21:00:00,0.0
482,2021-11-30 22:00:00,0.0
483,2021-11-30 23:00:00,0.0
484,2021-12-01 00:00:00,0.0
485,2021-12-01 01:00:00,0.0
486,2021-12-01 02:00:00,0.0
487,2021-12-01 03:00:00,0.0
488,2021-12-01 04:00:00,0.0
489,2021-12-01 05:00:00,0.0
490,2021-12-01 06:00:00,0.0
491,2021-12-01 07:00:00,0.0
492,2021-12-01 17:00:00,0.0
493,2021-12-01 18:00:00,0.0
494,2021-12-01 19:00:00,0.0
495,2021-12-01 20:00:00,0.0
496,2021-12-01 21:00:00,0.0
497,2021-12-01 22:00:00,0.0
498,2021-12-01 23:00:00,0.0
499,2021-12-02 00:00:00,0.0
500,2021-12-02 01:00:00,0.0
501,2021-12-02 02:00:00,0.0
502,2021-12-02 03:00:00,0.0
503,2021-12-02 04:00:00,0.0
504,2021-12-02 05:00:00,0.0
505,2021-12-02 06:00:00,0.0
506,2021-12-02 07:00:00,0.0
507,2021-12-02 17:00:00,0.0
508,2021-12-02 18:00:00,0.0
509,2021-12-02 19:00:00,0.0
510,2021-12-02 20:00:00,0.0
511,2021-12-02 21:00:00,0.0
512,2021-12-02 22:00:00,0.0
513,2021-12-02 23:00:00,0.0
514,2021-12-03 00:00:00,0.0
515,2021-12-03 01:00:00,0.0
516,2021-12-03 02:00:00,0.0
517,2021-12-03 03:00:00,0.0
518,2021-12-03 04:00:00,0.0
519,2021-12-03 05:00:00,0.0
520,2021-12-03 06:00:00,0.0
521,2021-12-03 07:00:00,0.0
522,2021-12-03 17:00:00,0.0
523,2021-12-03 18:00:00,0.0
524,2021-12-03 19:00:00,0.0
525,2021-12-03 20:00:00,0.0
526,2021-12-03 21:00:00,0.0
527,2021-12-03 22:00:00,0.0
528,2021-12-03 23:00:00,0.0
529,2021-12-04 00:00:00,0.0
530,2021-12-04 01:00:00,0.0
531,2021-12-04 02:00:00,0.0
532,2021-12-04 03:00:00,0.0
533,2021-12-04 04:00:00,0.0
534,2021-12-04 05:00:00,0.0
535,2021-12-04 06:00:00,0.0
536,2021-12-04 07:00:00,0.0
537,2021-12-04 17:00:00,0.0
538,2021-12-04 18:00:00,0.0
539,2021-12-04 19:00:00,0.0
540,2021-12-04 20:00:00,0.0
541,2021-12-04 21:00:00,0.0
542,2021-12-04 22:00:00,0.0
543,2021-12-04 23:00:00,0.0
544,2021-12-05 00:00:00,0.0
545,2021-12-05 01:00:00,0.0
546,2021-12-05 02:00:00,0.0
547,2021-12-05 03:00:00,0.0
548,2021-12-05 04:00:00,0.0
549,2021-12-05 05:00:00,0.0
550,2021-12-05 06:00:00,0.0
551,2021-12-05 07:00:00,0.0
552,2021-12-05 09:00:00,0.0
553,2021-12-05 10:00:00,0.0
554,2021-12-05 11:00:00,0.0
555,2021-12-05 12:00:00,0.0
556,2021-12-05 13:00:00,0.0
557,2021-12-05 14:00:00,0.0
558,2021-12-05 15:00:00,0.0
559,2021-12-05 16:00:00,0.0
560,2021-12-05 17:00:00,0.0
561,2021-12-05 18:00:00,0.0
562,2021-12-05 19:00:00,0.0
563,2021-12-05 20:00:00,0.0
564,2021-12-05 21:00:00,0.0
565,2021-12-05 22:00:00,0.0
566,2021-12-05 23:00:00,0.0
567,2021-12-06 00:00:00,0.0
568,2021-12-06 01:00:00,0.0
569,2021-12-06 02:00:00,0.0
570,2021-12-06 03:00:00,0.0
571,2021-12-06 04:00:00,0.0
572,2021-12-06 05:00:00,0.0
573,2021-12-06 06:00:00,0.0
574,2021-12-06 07:00:00,0.0
575,2021-12-06 08:00:00,0.0
576,2021-12-06 09:00:00,0.0
577,2021-12-06 10:00:00,0.0
578,2021-12-06 11:00:00,0.0
579,2021-12-06 12:00:00,0.0
580,2021-12-06 13:00:00,0.0
581,2021-12-06 14:00:00,0.0
582,2021-12-06 15:00:00,0.0
583,2021-12-06 16:00:00,0.0
584,2021-12-06 17:00:00,0.0
585,2021-12-06 18:00:00,0.0
586,2021-12-06 19:00:00,0.0
587,2021-12-06 20:00:00,0.0
588,2021-12-06 21:00:00,0.0
589,2021-12-06 22:00:00,0.0
590,2021-12-06 23:00:00,0.0
591,2021-12-07 00:00:00,0.0
592,2021-12-07 01:00:00,0.0
593,2021-12-07 02:00:00,0.0
594,2021-12-07 03:00:00,0.0
595,2021-12-07 04:00:00,0.0
596,2021-12-07 05:00:00,0.0
597,2021-12-07 06:00:00,0.0
598,2021-12-07 07:00:00,0.0
599,2021-12-07 17:00:00,0.0
600,2021-12-07 18:00:00,0.0
601,2021-12-07 19:00:00,0.0
602,2021-12-07 20:00:00,0.0
603,2021-12-07 21:00:00,0.0
604,2021-12-07 22:00:00,0.0
605,2021-12-07 23:00:00,0.0
606,2021-12-08 00:00:00,0.0
607,2021-12-08 01:00:00,0.0
608,2021-12-08 02:00:00,0.0
609,2021-12-08 03:00:00,0.0
610,2021-12-08 04:00:00,0.0
611,2021-12-08 05:00:00,0.0
612,2021-12-08 06:00:00,0.0
613,2021-12-08 07:00:00,0.0
614,2021-12-08 17:00:00,0.0
615,2021-12-08 18:00:00,0.0
616,2021-12-08 19:00:00,0.0
617,2021-12-08 20:00:00,0.0
618,2021-12-08 21:00:00,0.0
619,2021-12-08 22:00:00,0.0
620,2021-12-08 23:00:00,0.0
621,2021-12-09 00:00:00,0.0
622,2021-12-09 01:00:00,0.0
623,2021-12-09 02:00:00,0.0
624,2021-12-09 03:00:00,0.0
625,2021-12-09 04:00:00,0.0
626,2021-12-09 05:00:00,0.0
627,2021-12-09 06:00:00,0.0
628,2021-12-09 07:00:00,0.0
629,2021-12-09 17:00:00,0.0
630,2021-12-09 18:00:00,0.0
631,2021-12-09 19:00:00,0.0
632,2021-12-09 20:00:00,0.0
633,2021-12-09 21:00:00,0.0
634,2021-12-09 22:00:00,0.0
635,2021-12-09 23:00:00,0.0
636,2021-12-10 00:00:00,0.0
637,2021-12-10 01:00:00,0.0
638,2021-12-10 02:00:00,0.0
639,2021-12-10 03:00:00,0.0
640,2021-12-10 04:00:00,0.0
641,2021-12-10 05:00:00,0.0
642,2021-12-10 06:00:00,0.0
643,2021-12-10 07:00:00,0.0
644,2021-12-10 17:00:00,0.0
645,2021-12-10 18:00:00,0.0
646,2021-12-10 19:00:00,0.0
647,2021-12-10 20:00:00,0.0
648,2021-12-10 21:00:00,0.0
649,2021-12-10 22:00:00,0.0
650,2021-12-10 23:00:00,0.0
651,2021-12-11 00:00:00,0.0
652,2021-12-11 01:00:00,0.0
653,2021-12-11 02:00:00,0.0
654,2021-12-11 03:00:00,0.0
655,2021-12-11 04:00:00,0.0
656,2021-12-11 05:00:00,0.0
657,2021-12-11 06:00:00,0.0
658,2021-12-11 07:00:00,0.0
659,2021-12-11 17:00:00,0.0
660,2021-12-11 18:00:00,0.0
661,2021-12-11 19:00:00,0.0
662,2021-12-11 20:00:00,0.0
663,2021-12-11 21:00:00,0.0
664,2021-12-11 22:00:00,0.0
665,2021-12-11 23:00:00,0.0
666,2021-12-12 00:00:00,0.0
667,2021-12-12 01:00:00,0.0
668,2021-12-12 02:00:00,0.0
669,2021-12-12 03:00:00,0.0
670,2021-12-12 04:00:00,0.0
671,2021-12-12 05:00:00,0.0
672,2021-12-12 06:00:00,0.0
673,2021-12-12 07:00:00,0.0
674,2021-12-12 17:00:00,0.0
675,2021-12-12 18:00:00,0.0
676,2021-12-12 19:00:00,0.0
677,2021-12-12 20:00:00,0.0
678,2021-12-12 21:00:00,0.0
679,2021-12-12 22:00:00,0.0
680,2021-12-12 23:00:00,0.0
681,2021-12-13 00:00:00,0.0
682,2021-12-13 01:00:00,0.0
683,2021-12-13 02:00:00,0.0
684,2021-12-13 03:00:00,0.0
685,2021-12-13 04:00:00,0.0
686,2021-12-13 05:00:00,0.0
687,2021-12-13 06:00:00,0.0
688,2021-12-13 07:00:00,0.0
689,2021-12-13 17:00:00,0.0
690,2021-12-13 18:00:00,0.0
691,2021-12-13 19:00:00,0.0
692,2021-12-13 20:00:00,0.0
693,2021-12-13 21:00:00,0.0
694,2021-12-13 22:00:00,0.0
695,2021-12-13 23:00:00,0.0
696,2021-12-14 00:00:00,0.0
697,2021-12-14 01:00:00,0.0
698,2021-12-14 02:00:00,0.0
699,2021-12-14 03:00:00,0.0
700,2021-12-14 04:00:00,0.0
701,2021-12-14 05:00:00,0.0
702,2021-12-14 06:00:00,0.0
703,2021-12-14 07:00:00,0.0
704,2021-12-14 17:00:00,0.0
705,2021-12-14 18:00:00,0.0
706,2021-12-14 19:00:00,0.0
707,2021-12-14 20:00:00,0.0
708,2021-12-14 21:00:00,0.0
709,2021-12-14 22:00:00,0.0
710,2021-12-14 23:00:00,0.0
711,2021-12-15 00:00:00,0.0
712,2021-12-15 01:00:00,0.0
713,2021-12-15 02:00:00,0.0
714,2021-12-15 03:00:00,0.0
715,2021-12-15 04:00:00,0.0
716,2021-12-15 05:00:00,0.0
717,2021-12-15 06:00:00,0.0
718,2021-12-15 07:00:00,0.0
719,2021-12-15 17:00:00,0.0
720,2021-12-15 18:00:00,0.0
721,2021-12-15 19:00:00,0.0
722,2021-12-15 20:00:00,0.0
723,2021-12-15 21:00:00,0.0
724,2021-12-15 22:00:00,0.0
725,2021-12-15 23:00:00,0.0
726,2021-12-16 00:00:00,0.0
727,2021-12-16 01:00:00,0.0
728,2021-12-16 02:00:00,0.0
729,2021-12-16 03:00:00,0.0
730,2021-12-16 04:00:00,0.0
731,2021-12-16 05:00:00,0.0
732,2021-12-16 06:00:00,0.0
733,2021-12-16 07:00:00,0.0
734,2021-12-16 08:00:00,0.0
735,2021-12-16 15:00:00,0.0
736,2021-12-16 16:00:00,0.0
737,2021-12-16 17:00:00,0.0
738,2021-12-16 18:00:00,0.0
739,2021-12-16 19:00:00,0.0
740,2021-12-16 20:00:00,0.0
741,2021-12-16 21:00:00,0.0
742,2021-12-16 22:00:00,0.0
743,2021-12-16 23:00:00,0.0
744,2021-12-17 00:00:00,0.0
